Class,HMDB,KEGG,Metabolite,QC1,QC2,WT1,WT2,WT3,WT4,WT5,WT6,Vps_cKO1,Vps_cKO2,Vps_cKO3,Vps_cKO4,Vps_cKO5,Vps_cKO6
Amino Acids,HMDB0000182,C00047,Lysine,1215.4608,1198.6244,1222.6918,1290.8698,1181.5337,1354.8044,1249.4484,1172.4427,1250.7793,1094.2411,1182.7737,1032.7562,1163.5713,1273.5953
Amino Acids,HMDB0000177,C00135,Histidine,536.2,552.6373,514.4844,653.4866,591.6641,615.4552,546.9862,531.9794,523.2924,478.5597,501.2621,465.2411,562.2637,542.8231
Amino Acids,HMDB0000517,C00062,Arginine,672.4529,655.0321,738.2625,644.4957,592.4139,667.2523,688.2806,695.7736,669.1114,563.3962,629.4011,572.2876,625.7578,665.464
Amino Acids,HMDB0000214,C00077,Ornithine,45.3717,40.1392,45.1181,47.1228,41.0747,41.3953,36.513,37.8044,29.5717,46.1471,28.4516,34.3529,38.2731,42.6781
Amino Acids,HMDB0000641,C00064,Glutamine,6978.7753,7046.0219,5040.334,8297.3664,8469.9387,7895.5438,6359.4522,6048.116,6995.7937,6887.4721,7275.0111,5548.2189,6693.2884,6449.1452
Amino Acids,HMDB0000148,C00025,Glutamic acid,1075.1581,971.951,898.6498,1198.1182,963.8707,1159.0922,926.2637,1033.6473,1199.3008,1094.6754,1004.3088,955.6513,931.3458,1155.437
Peptides,HMDB0000194,C01262,Anserine,10.9938,9.8342,7.3557,11.6999,9.4797,11.1811,7.8449,6.9437,10.7808,10.1097,14.3251,14.3912,12.1674,14.0596
Peptides,HMDB0000033,C00386,Carnosine,48.6846,50.0754,44.278,45.1749,39.6599,42.4995,39.8103,30.9381,61.4,51.7435,64.7574,68.6769,66.5979,88.9823
Amino Acids,HMDB0000271,C00213,Sarcosine,69.8995,69.218,69.4237,73.5154,84.1999,99.7401,67.675,91.2018,100.7147,70.7704,68.652,67.0283,91.3339,94.1745
Amino Acids,HMDB0000056,C00099,beta-Alanine,56.2985,50.0006,86.5811,108.3842,101.8212,97.7202,74.1645,75.5933,98.3157,77.7276,88.5722,121.8903,118.4902,112.4384
Amino Acids,HMDB0000161,C00041,Alanine,9336.3337,9322.517,7830.7872,9958.4308,9264.1959,9388.2102,8813.1238,8033.6078,9751.3239,7974.0006,8703.1849,9081.5854,9543.6993,9312.4559
Amino Acids,HMDB0000092,C01026,Dimethylglycine,5.1682,4.8782,5.2189,5.8798,6.0631,6.3307,4.5966,5.0158,4.1145,4.5743,3.5833,3.6608,4.3333,4.5601
Amino Acids,HMDB0000112,C00334,GABA,210.3357,211.911,302.7861,165.547,194.4462,200.8874,221.0013,347.9648,158.1544,155.2273,170.4885,127.3152,180.1856,207.1812
Amino Acids,HMDB0000187,C00065,Serine,996.0611,1012.6906,1131.1913,1195.9375,915.8626,1011.8216,1071.3113,1127.5062,1017.0532,998.1121,1087.8295,854.7357,1093.7718,964.3311
Amino Acids,HMDB0000167,C00188,Threonine,546.814,518.5389,539.6226,560.182,470.7314,529.6852,564.0475,555.8781,609.7461,487.1427,443.6193,400.5872,559.9131,486.2769
Amino Acids,HMDB0000719,C00263,Homoserine,57.1938,50.0048,57.2493,51.2913,46.8289,44.5183,59.9803,53.266,73.936,54.729,50.56,42.0964,63.0268,50.855
Amino Acids,HMDB0000064,C00300,Creatine,2526.4975,2423.7084,2200.2259,2658.3497,2466.3668,2642.2836,2328.6864,2454.6175,2810.8441,2568.6813,2515.2938,2177.0051,2355.4999,2823.2943
Organic Acids,HMDB0000700,C01013,Hydroxypropionic acid,20.289,20.5778,36.8075,50.1313,43.7018,39.8125,30.3958,26.7239,40.2152,60.5506,37.5258,35.8405,42.6712,39.8046
Amino Acids,HMDB0001901,C02378,Aminocaproic acid,5.6172,6.1793,4.638,5.8827,6.4425,5.1377,5.069,6.0603,6.8777,5.6767,5.5018,4.2239,4.9146,6.6761
Peptides,HMDB0000721,NA,Glycylproline,0.7711,0.6797,1.0199,0.9628,0.8995,0.5936,1.0395,1.0036,1.2044,1.0668,0.7252,0.703,0.8938,0.6423
Amino Acids,HMDB0000679,C02427,Homocitrulline,1.1035,0.9927,0.6596,1.0988,0.9515,1.2515,0.7943,1.0024,1.385,1.0475,1.2116,0.8733,0.9481,0.9688
Nucleotides,HMDB0000045,C00020,AMP,1112.2863,1133.5441,566.4541,1620.9155,1619.0155,1750.8331,767.7487,900.0098,1224.1445,1135.9287,1227.0417,1038.0862,1050.4769,1350.3643
Organic Acids,HMDB0000190,C00186,Lactic acid,17673.4615,16321.4037,15021.3977,19675.4019,17555.0044,16707.3731,14961.076,12756.2544,19925.4072,16937.0676,17146.4795,17208.386,16531.4012,16553.6031
Pyridines,HMDB0001488,C00253,Nicotinic acid,1.7697,1.9259,0.6023,0.9654,3.1864,0.3687,2.3568,1.0788,4.2928,3.1451,0.836,0.7296,1.1052,2.762
Amino Acids,HMDB0002108,NA,Methylcysteine,1.3515,1.2509,1.0965,0.9725,1.4629,1.0981,0.905,1.6266,1.5034,1.1901,1.7585,1.4469,0.9967,1.4835
Amino Acids,HMDB0002210,NA,2-Phenylglycine,0.1346,0.1408,0.128,0.0983,0.1126,0.1541,0.1408,0.1569,0.1286,0.1838,0.1537,0.0903,0.1287,0.1538
Amino Acids,HMDB0000158,C00082,Tyrosine,259.9597,246.8889,317.2185,270.4426,227.6114,230.2328,289.0649,295.1119,313.6564,287.2722,277.5333,269.4577,285.7318,219.5801
Phenylpropanoids,HMDB0000423,C10447,"3,4-Dihydroxyhydrocinnamic acid",2.5716,2.2459,3.5991,3.1181,2.3734,3.746,2.9406,3.4235,3.1152,3.144,2.5995,3.2413,3.2467,3.8944
Amino Acids,HMDB0000168,C00152,Asparagine,385.3248,385.8272,433.3371,418.9447,358.962,407.3534,409.8342,380.1393,429.0509,397.5664,440.4887,401.0478,418.7753,377.0804
Benzoic Acids,HMDB0001856,C00230,Protocatechuic acid,9.3898,9.221,8.1638,9.5647,9.7198,8.9572,7.2731,9.6992,10.0669,9.1941,10.7152,8.4726,8.6576,10.3211
Amino Acids,HMDB0000159,C00079,Phenylalanine,15.4009,19.8414,18.2704,21.5107,22.0332,16.1754,29.8013,21.6787,28.677,24.0985,18.9439,19.433,21.6453,20.2233
Phenylpropanoic Acids,HMDB0000755,C03672,Hydroxyphenyllactic acid,2.0832,1.7773,1.151,1.2999,3.0689,3.2383,1.9795,2.208,1.562,2.039,2.7076,3.3446,2.5019,3.588
Peptides,HMDB0000759,C02155,Glycylleucine,2.0565,2.1274,2.2323,2.4309,2.7633,1.9626,3.3122,2.3832,4.1488,2.9387,2.0172,2.0965,2.1281,2.082
Amino Acids,HMDB0000684,C00328,Kynurenine,0.7397,0.6756,0.5147,0.9282,0.5837,0.6489,0.4954,0.4674,0.5414,0.741,0.6081,0.5423,0.7734,0.4833
Amino Acids,HMDB0000191,C00049,Aspartic acid,3077.3628,3028.2217,3589.5076,2788.9391,2780.2227,2964.5411,3131.1099,3820.5779,2794.7566,2872.1823,3171.7629,3064.4269,2971.3594,3278.9583
Amino Acids,HMDB0000510,C00956,Aminoadipic acid,5.5502,5.3687,6.8901,7.0397,4.4055,5.4381,5.8262,6.0735,5.7326,5.6729,5.3411,5.3775,4.9023,5.9804
Fatty Acids,HMDB0010720,C01771,2-Butenoic acid,33.3627,36.7543,52.3706,48.9806,48.1833,64.8338,28.6428,39.2199,51.4813,40.9192,40.1482,44.8028,47.4184,53.4164
Fatty Acids,HMDB0000407,NA,2-Hydroxy-3-methylbutyric acid,11.5144,8.8034,14.6119,13.3904,17.1364,7.5044,10.949,8.0533,16.6796,16.0595,13.1103,16.7496,12.8982,12.5807
Benzoic Acids,HMDB0000500,C00156,4-Hydroxybenzoic acid,1.0536,1.0068,0.7188,0.8214,0.8831,1.0245,0.9576,0.7842,1.0577,0.9785,0.8784,0.746,1.1552,0.9969
Benzoic Acids,HMDB0000714,C01586,Hippuric acid,0.3269,0.3131,0.5731,0.2617,0.8491,0.2072,0.3681,0.0919,0.1905,0.2638,0.0997,0.2055,0.3098,0.2585
Organic Acids,HMDB0000156,C00149,Malic acid,1736.4348,1863.7895,1387.1727,1902.7704,1911.0209,2128.8825,1573.5454,1486.7144,1912.318,1512.0615,1843.6937,1767.3391,1491.9064,1646.9603
Amino Acids,HMDB0000812,C01042,N-Acetylaspartic acid,25.8436,26.4818,55.443,16.4111,14.2572,8.1236,48.0322,61.7947,20.7562,21.2995,34.9481,26.6931,22.5014,14.7121
Amino Acids,HMDB0000866,C01657,N-Acetytyrosine,0.3726,0.3037,0.1087,0.4578,0.5685,0.2488,1.5232,0.5088,1.6081,0.4806,0.1832,0.1905,0.2563,0.0726
Fatty Acids,HMDB0031158,NA,2-Methy-4-pentenoic acid,6.4824,6.1444,4.5815,6.5078,5.5037,6.3781,6.3785,7.2276,6.0329,6.1279,5.9939,5.0094,6.9434,7.9773
Fatty Acids,HMDB0001624,NA,2-Hydroxycaproic acid,1.8961,1.9034,1.3537,2.2124,3.0644,2.0564,1.579,1.0274,2.2828,0.4423,0.04423,0.9354,1.2327,1.3921
Phenylpropanoids,HMDB0041592|HMDB0002035,C05838|C00811,Coumaric acid and 4-Hydroxycinnamic acid,0.046,0.0383,0.021,0.0397,0.0642,0.0253,0.0217,0.0233,0.0343,0.0176,0.0315,0.0188,0.0073,0.0229
Indoles,HMDB0000197,C00954,Indoleacetic acid,0.1671,0.1957,0.1248,0.212,0.1352,0.1628,0.2368,0.1625,0.2196,0.2245,0.1493,0.1602,0.1743,0.2193
Organic Acids,HMDB0000134,C00122,Fumaric acid,647.6084,539.1132,496.0324,598.5135,701.8773,589.3256,515.7395,571.4506,491.2883,497.7286,611.3898,425.5733,550.5186,620.9617
Amino Acids,HMDB0013713,NA,N-Acetyltryptophan,0.417,0.3305,0.3676,0.3168,0.3335,0.4229,0.6695,0.3459,0.6704,0.501,0.4886,0.3635,0.3939,0.3751
Phenylpropanoids,HMDB0000567,C10438,Cinnamic acid,0.0738,0.0798,0.0358,0.09,0.055,0.077,0.0854,0.0491,0.105,0.0736,0.1251,0.0713,0.1026,0.0373
Phenylpropanoic Acids,HMDB0000764,C05629,Hydrocinnamic acid,0.0655,0.0649,0.1104,0.0843,0.097,0.0737,0.1626,0.0452,0.1363,0.0944,0.0552,0.0554,0.0662,0.1135
Indoles,HMDB0002302,NA,Indole-3-propionic acid,1.2188,1.3821,1.8427,0.9591,1.6916,1.0363,1.9619,0.5489,1.125,1.4578,0.7242,1.2881,1.0586,1.8959
Fatty Acids,HMDB0000784,C08261,Azelaic acid,21.5943,22.8917,31.6378,15.6544,13.088,17.9865,22.9322,22.7988,24.5916,18.197,24.6395,22.7786,17.8243,10.1767
Fatty Acids,HMDB0000792,C08277,Sebacic acid,0.1793,0.2008,0.5018,0.0749,0.0205,0.5521,0.2495,0.1805,0.1258,0.9714,0.2312,0.201,0.0889,0.3852
Organic Acids,HMDB0000695,C00233,Ketoleucine,5.1573,5.6434,6.4343,5.1596,4.1709,5.0448,5.3636,7.3395,5.4101,4.8225,4.3955,3.7932,5.665,7.0376
Organic Acids,HMDB0000491,C00671,3-Methyl-2-oxopentanoic acid,4.3447,3.01,5.3206,2.4533,1.4768,3.8762,3.7401,5.2655,3.0839,4.9466,4.1871,2.4905,4.4261,5.1622
Benzenoids,HMDB0000205,C00166,Phenylpyruvic acid,0.1107,0.1124,0.1145,0.14,0.1183,0.1227,0.1181,0.1434,0.1209,0.1292,0.1153,0.1394,0.1243,0.1253
Organic Acids,HMDB0000606,C02630,2-Hydroxyglutaric acid,7.5632,9.0961,5.8297,6.2934,8.2471,7.3782,6.1907,5.4021,9.0321,7.6615,12.9144,9.7924,7.9195,7.9122
Amino Acids,HMDB0000123,C00037,Glycine,1239.3794,1232.9492,1429.8462,1306.2069,1085.5431,1047.1162,1111.5463,1441.4771,1236.0846,1263.4247,1196.1034,1045.1794,1273.1268,1197.3274
Organic Acids,HMDB0000128,C00581,Guanidoacetic acid,253.8747,310.0355,219.5312,390.5068,253.1024,320.7676,269.9517,272.9594,348.607,223.1086,198.1103,335.2998,272.9005,207.06
Amino Acids,HMDB0000904,C00327,Citrulline,239.4627,242.691,174.8669,334.9657,302.2643,224.652,245.5813,232.0992,257.5737,254.4635,203.8497,232.6258,233.4404,247.8256
Carbohydrates,HMDB0000150,C00198,Gluconolactone,63.1757,63.0369,38.8994,57.3793,62.1818,63.3917,40.2121,51.1016,83.0169,53.7717,55.673,51.3106,61.9042,58.1478
Organic Acids,HMDB0000115,C00160,Glycolic acid,26.3075,29.0286,31.6423,20.7599,23.9552,30.2942,25.9047,17.7779,25.1659,32.9441,22.7879,20.9436,20.4999,28.8928
Amino Acids,HMDB0000452,C02356,alpha-Aminobutyric acid,12.8286,12.1256,15.5986,10.5953,5.7052,6.5293,8.1341,8.6806,9.872,11.2327,6.1783,9.554,21.1318,8.3969
Carbohydrates,HMDB0000139,C00258,Glyceric acid,5.4709,5.0161,8.0346,4.4785,5.6387,4.4048,6.7925,6.3313,5.8309,7.6806,4.917,5.1995,5.7178,6.1674
Amino Acids,HMDB0000162,C00148,Proline,433.6994,424.9717,532.1695,444.4625,395.87,392.0633,478.6328,490.3691,423.4416,415.8075,402.7307,379.2927,454.4018,426.6845
Amino Acids,HMDB0000532,NA,Acetylglycine,16.8021,18.407,15.4229,18.4738,24.1486,20.1865,15.0147,20.255,19.8317,19.8944,21.22,20.0499,12.4392,23.9866
Amino Acids,HMDB0000716,C00408,Pipecolic acid,5.8596,5.9251,5.7956,6.7144,5.2625,5.6514,5.137,6.264,6.1225,5.9123,6.5625,6.5238,5.3713,5.7752
Carbohydrates,HMDB0000613,NA,Erythronic acid,8.3204,9.1609,9.2418,9.9066,8.723,7.6468,9.0411,9.2469,9.8589,7.7143,9.3012,7.6243,8.9504,7.1778
Amino Acids,HMDB0002931,NA,N-Acetylserine,6.7111,7.1206,9.4788,6.664,5.3877,4.7841,8.6375,9.5332,5.53,5.8824,5.7892,6.099,7.3168,6.8394
Carbohydrates,HMDB0000867,C01685,Ribonic acid,40.4483,35.2454,38.4088,46.1979,44.1176,44.3779,34.2286,32.6273,60.1188,43.8633,40.3243,43.304,43.8057,44.2234
Amino Acids,HMDB0006029,NA,N-Acetylglutamine,5.2675,5.0811,3.6453,6.9741,5.5118,6.7026,5.1707,4.7233,6.8012,4.6423,5.6183,6.3498,5.0158,6.0081
Carbohydrates,HMDB0000230,C00270,N-Acetylneuraminic acid,74.3942,69.191,86.6302,79.9157,85.2367,68.4727,76.377,92.3015,93.431,73.9119,79.8028,83.168,69.3484,73.0638
SCFAs,HMDB0000042,C00033,Acetic acid,851.7241,878.8079,983.9794,1118.3023,1439.9251,824.1639,937.1879,963.2924,1241.9262,1058.167,865.3923,867.3773,877.0081,959.31
Amino Acids,HMDB0000883,C00183,Valine,553.7518,555.3467,556.3366,573.2156,419.4562,545.5856,533.5588,449.4707,629.8623,471.096,595.4054,570.3089,475.2231,490.017
Phenols,HMDB0001866,C05580,"3,4-Dihydroxymandelic acid",2.0053,2.748,2.0451,1.6621,2.2921,2.0988,2.2889,1.8664,2.1466,1.9918,2.203,1.8841,3.703,2.173
Carbohydrates,HMDB0000740,C07064,Lactulose,5.1723,5.6794,6.2921,4.8451,6.3716,3.2838,4.0745,2.8527,6.2072,6.3122,3.7164,1.9025,5.3459,2.2473
Carbohydrates,HMDB0000163,C00208,Maltose,40.1906,40.4853,42.5999,40.5368,82.4318,31.1965,38.1545,26.4861,40.3934,64.5183,52.1103,45.7502,54.9837,33.3948
Organic Acids,HMDB0000011,C01089,3-Hydroxybutyric acid,199.8352,200.2376,261.8561,214.8246,169.1047,277.6515,167.0278,271.43,149.1488,155.4247,202.73,225.6676,140.7956,198.9009
Amino Acids,HMDB0000696,C00073,Methionine,296.9317,309.3999,340.3227,315.0498,289.5619,294.459,352.4466,337.6554,361.1448,330.5582,318.4833,305.3787,343.2002,303.2187
Organic Acids,HMDB0000729,NA,alpha-Hydroxyisobutyric acid,3.8078,3.8096,3.141,3.625,2.9796,2.8055,2.9672,3.4358,4.0922,4.7271,3.637,3.9436,3.0573,6.0368
Organic Acids,HMDB0000008,C05984,2-Hydroxybutyric acid,11.6028,11.4993,10.1656,8.8518,8.9057,10.1636,13.3573,7.2964,7.9703,11.909,12.5247,16.4794,7.1566,12.9189
Fatty Acids,HMDB0000754,NA,3-Hydroxyisovaleric acid,0.2637,0.2596,0.2189,0.2331,0.2536,0.2326,0.2136,0.2842,0.2045,0.2576,0.2236,0.2066,0.2635,0.2962
Organic Acids,HMDB0000620,C02214,Glutaconic acid,0.3119,0.3091,0.2405,0.3226,0.2292,0.3924,0.2143,0.1974,0.1809,0.2618,0.1745,0.3235,0.1956,0.2517
Amino Acids,HMDB0000172,C00407,Isoleucine,275.0731,273.0471,336.145,288.1266,231.2936,279.7602,321.0942,282.8646,320.0223,303.5364,277.7393,263.9182,297.9294,276.4094
Amino Acids,HMDB0000687,C00123,Leucine,773.6027,737.2929,874.1464,791.4459,692.4017,718.0596,838.988,786.094,883.6189,830.1534,768.0123,734.9972,834.8116,734.2371
Carbohydrates,HMDB0000098,C00181,Xylose,680.9423,709.449,637.4442,693.8911,675.6145,597.6321,596.4245,611.9307,767.9869,777.8786,742.9934,696.1514,845.3337,669.7901
Carbohydrates,HMDB0000621|HMDB0001644,C00309|C00310,Ribulose and Xylulose,289.8277,291.5767,197.6398,330.5675,276.2139,274.4909,201.5516,242.5524,301.9165,313.7067,365.062,267.0397,333.0211,295.828
Carbohydrates,HMDB0000849,C00507,Rhamnose,5.8897,4.0789,3.4414,7.054,15.9804,4.0762,8.2738,9.8318,12.2469,7.0847,5.896,4.3832,4.4583,4.6471
Carbohydrates,HMDB0003081,C02095,beta-D-Fucose,0.8904,0.9221,1.0163,0.5696,2.1859,0.5736,1.764,0.7266,2.3168,1.238,0.59,0.52,0.6025,0.9354
Carbohydrates,HMDB0000660,C02336,Fructose,128.5525,135.3328,127.6025,136.1524,266.6503,92.4407,132.6068,52.3602,134.5514,208.9719,135.5921,133.0589,148.3648,56.5966
Carbohydrates,HMDB0000215,C00140,N-Acetylglucosamine,21.9383,18.2964,23.4309,22.9054,21.4391,14.8648,19.7651,17.8344,28.7905,28.4396,19.5601,18.6796,21.2255,19.9634
Carbohydrates,HMDB0001051,C02154,Glyceraldehyde,5.9649,6.246,12.3311,10.3991,11.5771,7.91,9.0467,8.1585,7.5734,8.5394,9.2147,6.3443,6.3871,7.6536
Amino Acids,HMDB0001645,C01933,Norleucine,2.4902,3.0268,2.0881,2.4404,2.3142,2.5065,2.9431,2.8885,2.2928,3.157,2.9698,2.4265,1.9699,2.9109
Organic Acids,HMDB0000617,C01546,2-Furoic acid,0.1532,0.1189,0.1554,0.1526,0.1372,0.1035,0.1775,0.2375,0.1108,0.2664,0.1182,0.1376,0.1556,0.1441
Amino Acids,HMDB0000929,C00078,Tryptophan,95.9692,89.8244,97.0143,91.8301,89.57,96.2881,109.2216,102.8734,112.1553,105.9399,101.7288,97.8094,111.1271,95.5797
SCFAs,HMDB0000039,C00246,Butyric acid,18.0931,20.0453,21.811,28.7666,41.6022,26.3931,49.718,23.1284,48.1373,36.1713,14.1457,19.2292,19.7701,20.6573
SCFAs,HMDB0001873,C02632,Isobutyric acid,4.2191,5.3643,6.7908,11.1944,13.1667,8.0975,9.4749,9.7675,11.7563,11.6734,6.3062,8.3559,6.5325,10.5316
Organic Acids,HMDB0000691,C00383,Malonic acid,1.3313,1.5405,1.4744,0.9337,1.12,0.8396,1.2423,1.348,1.5927,1.7544,1.0109,1.4398,1.5171,1.0282
Amino Acids,HMDB0006344,C04148,Phenylacetylglutamine,0.1326,0.1422,0.102,0.1215,0.5817,0.1175,0.095,0.1128,0.1868,0.1268,0.1148,0.111,0.0969,0.1199
Carbohydrates,HMDB0000956,C00898,Tartaric acid,0.35,0.2958,0.8682,0.555,0.1539,0.4608,0.507,0.3049,0.3909,0.3623,0.2483,0.4503,0.4977,0.5426
SCFAs,HMDB0000892,C00803,Valeric acid,5.5455,5.1618,5.4924,8.7018,7.4743,5.1562,7.0628,4.7397,10.9415,7.1151,5.9829,6.4059,6.346,5.4992
Phenylpropanoic Acids,HMDB0000779,NA,Phenyllactic acid,0.2882,0.2909,0.2835,0.3189,0.3008,0.2662,0.3759,0.2095,0.4097,0.5047,0.2556,0.2593,0.3883,0.3749
Organic Acids,HMDB0000176,C01384,Maleic acid,28.8499,30.2536,23.8646,36.103,36.0341,31.9865,26.7376,23.6942,31.6239,27.8818,27.6332,36.8459,27.0349,30.8609
Fatty Acids,HMDB0002092,C00490,Itaconic acid,0.31,0.2264,0.4912,1.251,0.2463,0.2972,0.3526,0.3485,0.2636,0.6632,0.336,0.2851,0.3008,0.2705
Fatty Acids,HMDB0000634,C02226,Citraconic acid,0.1698,0.228,0.2568,0.2124,0.2798,0.279,0.3237,0.2833,0.134,0.2318,0.2708,0.3368,0.3237,0.143
Fatty Acids,HMDB0000448,C06104,Adipic acid,1.1858,1.7462,3.3996,0.7979,0.9298,7.1452,2.5323,0.2134,2.877,9.2877,1.4046,0.7813,0.0772,2.4814
Fatty Acids,HMDB0000752,NA,Methylglutaric acid,0.1725,0.1807,0.2959,0.3256,0.4239,0.2774,0.2081,0.2866,0.5869,0.4735,0.3389,0.1057,0.373,0.3329
Benzoic Acids,HMDB0002107,C01606,Phthalic acid,0.7133,0.7247,0.7151,1.114,1.2638,0.4732,0.6354,0.6486,0.9534,2.4517,0.7332,1.0657,1.2282,0.6918
Bile Acids,NA,NA,TwMCA,0.4782,0.4743,0.3944,0.4648,0.424,0.4829,0.4998,0.4567,0.5157,0.4514,0.687,0.4348,0.4933,0.4646
Bile Acids,HMDB0258742|HMDB0000932,NA,TaMCA and TbMCA,0.9723,0.9635,0.6676,1.2472,0.7928,1.0059,1.5439,1.0482,1.3441,0.9478,2.5512,1.0324,1.519,0.8456
Fatty Acids,HMDB0000857,C02656,Pimelic acid,0.9018,0.626,1.5938,0.5844,0.8592,1.3156,1.2801,0.7743,1.4602,3.044,1.3344,0.74,0.9378,1.5379
Fatty Acids,HMDB0000555,NA,3-Methyladipic acid,0.3475,0.3352,0.4599,0.8692,0.5527,0.5681,0.6135,0.3446,0.6648,0.6637,0.6257,0.3101,0.4184,0.4476
SCFAs,HMDB0000689,NA,Isocaproic acid,0.7993,0.5995,0.6461,0.7355,0.7183,1.0361,0.74,0.6607,0.4269,0.5343,0.446,0.6735,0.711,0.4291
SCFAs,HMDB0000535,C01585,Caproic acid,4.8095,4.7375,8.9183,8.6623,7.6324,6.2697,5.9954,6.0703,5.7087,7.0236,5.8871,8.1698,6.9122,2.5657
Fatty Acids,HMDB0000893,C08278,Suberic acid,2.0546,1.8653,3.1202,1.172,0.6636,3.831,1.8566,1.9467,2.1222,3.6588,2.2298,1.4748,1.4498,0.9434
Bile Acids,HMDB0000036,C05122,TCA,1.2157,1.3693,0.7673,1.3601,0.9488,1.5901,1.8919,0.9632,1.218,0.9509,2.5234,1.1648,1.6337,1.0106
Organic Acids,HMDB0000094,C00158,Citric acid,447.1018,454.8023,464.2882,340.0537,400.9432,375.3378,393.7423,439.2415,382.5978,429.3386,552.6158,489.7941,428.7317,815.6311
Organic Acids,HMDB0000193,C00311,Isocitric acid,12.4786,16.9964,11.3019,16.5782,15.9815,16.023,12.4499,13.4261,15.5531,15.9635,13.8716,13.688,13.7327,19.5449
Fatty Acids,HMDB0031594,NA,2-Methylhexanoic acid,0.1296,0.1185,0.2395,0.1797,0.1996,0.2052,0.1607,0.1728,0.1847,0.2321,0.1659,0.2074,0.2115,0.2112
Fatty Acids,HMDB0340508,NA,4-Methylhexanoic acid,1.1183,1.1572,0.9142,1.159,0.9409,0.9346,1.1539,1.0274,1.3602,1.1625,1.013,1.0076,1.0399,1.1678
Fatty Acids,HMDB0000666,C17714,Heptanoic acid,1.7923,2.1568,2.5356,3.9139,3.5922,2.3697,2.0543,2.8927,2.5094,3.8529,3.2547,2.0142,3.2459,3.0537
Organic Acids,HMDB0000243,C00022,Pyruvic acid,51.3666,49.4511,82.491,26.7566,23.0367,24.1205,58.3054,83.7656,39.7499,40.1897,43.3938,39.493,48.7901,43.2031
Bile Acids,HMDB0000951,C05465,TCDCA,0.0458,0.046,0.0391,0.0478,0.0409,0.1124,0.1088,0.0441,0.0618,0.0497,0.0704,0.1122,0.0506,0.0816
Organic Acids,HMDB0000208,C00026,Oxoglutaric acid,14.5225,12.0588,9.5016,12.4517,14.1095,11.4005,12.2061,14.0622,10.9619,11.5744,11.973,11.4646,14.1011,15.9977
Fatty Acids,HMDB0000482,C06423,Octanoic acid,18.2801,22.503,24.5929,21.2462,21.3074,20.7789,23.4155,23.5434,28.4055,22.4342,28.2063,23.1662,22.9005,16.4525
Bile Acids,HMDB0000664,NA,bHDCA,0.0945,0.1185,0.1392,0.094,0.0907,0.1026,0.0603,0.078,0.1468,0.0997,0.166,0.0875,0.11,0.1043
Bile Acids,HMDB0000946,C07880,UDCA,0.0643,0.0761,0.086,0.0074,0.0184,0.0863,0.1246,0.0655,0.0553,0.0613,0.0856,0.0801,0.0091,0.0481
Bile Acids,HMDB0000733,NA,HDCA,0.1498,0.1505,0.1604,0.2117,0.1862,0.1835,0.3178,0.2011,0.4408,0.1997,0.1488,0.1393,0.137,0.154
Organic Acids,HMDB0000225,C00322,Oxoadipic acid,0.1951,0.1831,0.1898,0.2191,0.1697,0.2114,0.2143,0.1981,0.2119,0.2242,0.2417,0.1741,0.1633,0.2359
Bile Acids,HMDB0000138,C01921,GCA,0.0403,0.0521,0.053,0.0708,0.0813,0.0445,0.0439,0.0312,0.1106,0.0555,0.0274,0.0724,0.0455,0.0229
Fatty Acids,HMDB0000847,C01601,Nonanoic acid,14.0267,16.5639,17.9128,11.3086,8.7119,9.768,16.0006,15.0773,18.7917,12.296,17.7169,15.9842,15.9798,6.8564
Fatty Acids,HMDB0000511,C01571,Decanoic acid,14.124,14.2638,16.4772,11.3307,13.1201,13.5748,16.8227,15.1209,20.2087,12.8292,19.3308,18.5006,17.1674,8.8516
Fatty Acids,HMDB0033724,C13910,Undecylenic acid,0.5023,0.4593,0.6339,0.4419,0.4527,0.6069,0.5636,0.4789,0.6815,0.593,0.5033,0.4793,0.6377,0.6444
Bile Acids,HMDB0000717,C17658,isoLCA,0.0182,0.0207,0.0029,0.0447,0.0186,0.0026,0.0167,0.021,0.0085,0.0121,0.0186,0.023,0.0398,0.0015
Bile Acids,HMDB0000518,C02528,CDCA,0.102,0.1206,0.0858,0.1704,0.0957,0.0226,0.0982,0.1066,0.1933,0.0634,0.0759,0.0689,0.00226,0.0457
Fatty Acids,HMDB0000947,C17715,Undecanoic acid,0.6182,0.6284,0.8105,0.53,0.4003,0.8989,0.7258,0.6947,0.5748,1.0094,0.5805,0.2857,0.6245,0.9488
Fatty Acids,HMDB0000529,NA,5Z-Dodecenoic acid,2.9483,3.0381,2.7071,2.1943,3.2489,2.6921,2.2224,2.9625,3.922,2.4798,4.013,4.279,3.2824,2.6875
Fatty Acids,HMDB0000638,C02679,Dodecanoic acid,234.8812,231.4258,306.9148,177.6576,151.0704,173.4124,281.9465,254.3247,319.3232,179.3322,306.5402,263.2162,238.5875,110.7835
Fatty Acids,NA,NA,12-Tridecenoic acid,0.0643,0.0523,0.0359,0.0264,0.0425,0.0607,0.1049,0.0788,0.0954,0.0799,0.0699,0.0754,0.0449,0.0473
Fatty Acids,HMDB0000910,C17076,Tridecanoic acid,0.8322,0.9176,1.1349,0.6877,0.6631,0.7843,0.8865,0.809,0.9031,0.8734,1.0662,0.8048,0.7708,0.7657
Fatty Acids,HMDB0002000,C08322,Myristoleic acid,23.2336,23.5835,24.2856,22.5655,21.3585,20.8309,27.0235,17.441,23.0167,13.791,22.1619,33.2148,22.165,14.0226
Fatty Acids,HMDB0062248,NA,9E-tetradecenoic acid,4.5099,4.7795,4.3652,3.608,4.2047,3.8767,3.0153,4.1302,4.588,2.6098,4.4408,6.8193,4.4121,3.5257
Fatty Acids,HMDB0034297,C08365,Ricinoleic acid,0.6376,0.6287,1.4698,0.666,0.456,0.3476,0.9802,0.4443,0.6153,0.3919,0.5387,0.7471,0.6515,0.4681
Fatty Acids,NA,NA,Ricinelaidic acid,0.2954,0.2958,0.8984,0.3176,0.1913,0.0775,0.1673,0.0185,0.2808,0.0924,0.2067,0.3967,0.3334,0.1688
Fatty Acids,HMDB0061706,NA,12-Hydroxystearic acid,0.2139,0.3033,0.4459,0.5779,0.5126,0.3537,0.3992,0.1845,0.4019,0.4194,0.4715,0.2169,0.2464,0.892
Bile Acids,HMDB0000761,C03990,LCA,0.0454,0.0426,0.0325,0.045,0.0576,0.0285,0.0481,0.0409,0.065,0.0549,0.0624,0.0692,0.0404,0.1076
Bile Acids,HMDB0000626,C04483,DCA,0.2167,0.2747,0.2114,0.2741,0.18,0.0635,0.5831,0.1614,0.5939,0.2402,0.1103,0.2183,0.1379,0.3969
Fatty Acids,HMDB0000806,C06424,Myristic acid,78.1246,77.2219,105.2242,64.7773,52.3833,59.4835,103.0118,77.8391,82.3799,57.4084,83.4963,89.253,78.9535,48.3966
Fatty Acids,HMDB0029765,NA,9-Pentadecenoic acid,0.8727,0.6732,0.451,0.3509,0.4297,0.3702,0.8402,0.5075,0.262,0.1552,0.5654,0.8616,0.2798,0.3772
Fatty Acids,HMDB0000826,C16537,Pentadecanoic acid,19.0885,20.9441,18.5782,20.1983,14.7119,16.2905,18.0456,15.8998,19.6324,16.6881,15.9472,19.1741,15.6971,21.5975
Fatty Acids,HMDB0003229,C08362,Palmitoleic acid,735.7768,819.1939,1004.5644,865.6672,450.0342,355.7033,1031.321,497.2638,343.0479,238.9411,434.0819,925.2752,557.2469,475.8305
Fatty Acids,HMDB0012328,NA,Palmitelaidic acid,33.5533,38.3459,33.4051,32.4183,17.5325,17.9942,29.7344,21.5724,19.9846,13.7766,22.1036,38.0621,23.6258,30.7679
Fatty Acids,HMDB0060038,NA,10Z-Heptadecenoic acid,38.4841,38.457,30.4903,32.2922,20.3921,20.3426,24.8811,22.2902,23.789,17.1758,26.3886,31.4267,15.7682,28.9878
Fatty Acids,HMDB0244268,NA,trans-10-Heptadecenoic acid,7.2677,7.0363,6.3041,8.0536,5.1088,6.98,5.6901,5.3328,4.7841,4.1147,5.9298,7.6228,4.5437,6.9337
Fatty Acids,HMDB0001388,C06427,alpha-Linolenic acid,76.3831,76.8033,84.2568,93.8288,58.6481,70.6354,94.3268,78.1377,87.8522,58.3377,89.6913,88.7098,63.0802,106.928
Fatty Acids,HMDB0003073,C06426,gamma-Linolenic acid,17.7762,18.8031,16.4646,18.7068,17.2767,19.2879,20.764,20.6074,19.6843,15.6581,26.0661,18.8841,15.3695,27.1255
Fatty Acids,HMDB0000673,C01595,Linoleic acid,3624.8974,3601.7834,3345.5376,4773.5774,3777.4917,4131.9649,4119.2956,4116.8556,4924.1372,4247.1442,5138.2368,4033.9567,3736.6075,5481.9052
Fatty Acids,HMDB0006270,NA,Linoelaidic acid,55.8202,58.2359,40.9856,52.0491,39.9676,47.9349,54.5849,57.7651,58.855,49.1785,65.0769,44.1355,43.4609,66.5141
Fatty Acids,HMDB0001999,C06428,EPA,37.4123,37.622,29.1314,41.8403,32.1747,39.4329,38.3021,38.1089,39.7874,28.4064,42.4522,31.7557,32.45,46.9113
Fatty Acids,HMDB0001043,C00219,Arachidonic acid,972.9971,1033.2481,859.9182,1014.7487,1147.1536,1043.1138,916.7139,946.021,944.5049,780.9503,867.6444,748.759,942.8214,1099.2897
Fatty Acids,HMDB0002925,C03242,Dihomo-gamma-linolenic acid,64.9461,63.5126,39.1972,58.0467,56.5256,65.6633,60.3487,57.3818,70.9824,57.2176,66.0977,50.1799,60.8822,54.8807
Fatty Acids,HMDB0002183,C06429,DHA,718.2201,720.7735,619.9706,856.7363,739.5304,755.7349,644.1221,712.8767,730.0924,593.524,758.7492,601.0588,638.3794,855.8967
Fatty Acids,HMDB0006528,C16513,DPA,218.9899,206.7258,169.4072,275.1113,241.633,256.5417,225.2643,262.2541,269.6942,207.7548,270.8825,218.3091,226.0495,259.4526
Fatty Acids,HMDB0001976,NA,DPAn-6,39.0468,39.5809,24.9187,37.3859,32.1823,35.8739,33.2501,36.001,33.3046,28.9023,33.2424,24.807,29.577,30.2016
Fatty Acids,HMDB0002226,C16527,Adrenic acid,35.7416,36.3679,20.0424,44.2015,29.952,32.7816,33.4378,39.5097,38.4276,27.4411,35.3706,27.9777,24.2533,27.171
Fatty Acids,HMDB0000426,C00815,Citramalic acid,0.6257,0.5888,0.4564,0.5296,0.5244,0.634,0.513,0.6487,0.5599,0.4534,0.6949,0.7159,0.5343,0.789
Fatty Acids,HMDB0000207,C00712,Oleic acid,4204.3972,4232.1788,4231.7444,5533.6553,3975.0556,3636.1379,4339.803,4378.5833,4127.1263,3048.0751,4371.631,4829.3535,3846.595,5327.4954
Fatty Acids,HMDB0013622,NA,10Z-Nonadecenoic acid,8.3561,6.8538,7.1008,10.1914,9.1223,10.8396,9.0287,10.0104,11.8262,10.2437,10.3186,8.5993,9.0198,10.3004
Phenols,HMDB0000440,NA,3-Hydroxyphenylacetic acid,0.1251,0.1225,0.1087,0.1406,0.2374,0.0864,0.2042,0.0816,0.1549,0.0877,0.0861,0.1076,0.0975,0.117
Carnitines,HMDB0000062,C00318,Carnitine,1376.8292,1312.1108,1371.2455,1333.1103,1501.6707,1264.1781,1373.9483,1365.7782,1371.0412,1301.4268,1369.6728,1231.48,1284.3958,1373.0081
Carnitines,HMDB0000201,C02571,Acetylcarnitine,342.5427,316.8515,271.1448,365.7299,327.9414,353.8413,301.8777,309.6672,373.4166,348.8107,327.4632,298.1139,308.2696,373.4345
Carnitines,HMDB0000824,C03017,Propionylcarnitine,9.108,9.6399,4.9032,11.1729,10.1537,9.1448,8.9887,6.2002,9.8566,9.2236,11.0799,8.8086,7.1551,11.0747
Carnitines,HMDB0002013,C02862,Butyrylcarnitine,1.7954,1.8007,1.5334,1.99,2.3229,2.877,1.1713,1.5081,1.7403,1.4449,1.5349,1.5192,2.2594,1.4886
Carnitines,HMDB0000736,NA,Isobutyrylcarnitine,0.5084,0.5345,0.4964,0.7193,0.4831,0.4649,0.4376,0.4979,0.3302,0.3703,0.5026,0.6849,0.6167,0.8676
Carnitines,HMDB0013128,NA,Valerylcarnitine,0.0432,0.0405,0.0361,0.062,0.0415,0.0344,0.0318,0.0343,0.0443,0.045,0.0488,0.034,0.0303,0.0367
Carnitines,HMDB0000378,NA,2-Methylbutyroylcarnitine,0.4096,0.4105,0.3804,0.4653,0.3515,0.349,0.323,0.4264,0.27,0.3374,0.4055,0.4589,0.5016,0.518
Carnitines,HMDB0000688,NA,Isovalerylcarnitine,0.1476,0.141,0.3528,0.4408,0.0991,0.1095,0.1079,0.1714,0.0976,0.353,0.1167,0.1359,0.1822,0.1836
Carnitines,HMDB0061189,NA,3-Hydroxylisovalerylcarnitine,7.6033,7.72,6.5735,6.9905,6.5106,6.7574,6.3762,6.5898,7.1593,8.1827,8.3697,7.9626,8.5188,8.5714
Carnitines,HMDB0013130,NA,Glutarylcarnitine,0.0364,0.0264,0.0608,0.0558,0.054,0.0406,0.0376,0.0436,0.0363,0.0704,0.0473,0.0476,0.0331,0.0316
Carnitines,HMDB0000705,NA,Hexanylcarnitine,0.0563,0.0665,0.0821,0.0649,0.0776,0.0748,0.0452,0.0671,0.0529,0.0556,0.0643,0.0551,0.0415,0.0467
Carnitines,HMDB0061677,NA,O-Adipoylcarnitine,0.0389,0.0492,0.0319,0.0406,0.0535,0.0335,0.0534,0.0411,0.0477,0.0373,0.0463,0.034,0.0302,0.0467
Carnitines,HMDB0000791,C02838,Octanoylcarnitine,0.0694,0.0724,0.0628,0.0779,0.0925,0.0771,0.0531,0.0756,0.0779,0.0544,0.0867,0.058,0.0569,0.0494
Carnitines,HMDB0000651,NA,Decanoylcarnitine,0.0708,0.0755,0.0749,0.0743,0.1153,0.0771,0.0559,0.0868,0.0763,0.0677,0.0811,0.07,0.0588,0.0661
Carnitines,HMDB0002250,NA,Dodecanoylcarnitine,0.134,0.1474,0.2106,0.1586,0.1994,0.15,0.1102,0.1838,0.1114,0.0993,0.1032,0.1779,0.1154,0.1498
Carnitines,HMDB0005066,NA,Tetradecanoylcarnitine,0.4967,0.5451,0.9186,0.484,0.6248,0.5497,0.3761,0.6993,0.4115,0.3605,0.3664,0.6463,0.4366,0.5832
Carnitines,HMDB0000222,C02990,Palmitoylcarnitine,2.0426,2.0338,4.0218,1.8737,1.8381,1.9194,1.8844,3.2611,1.4259,1.342,1.4607,2.0309,1.4026,2.0907
Carnitines,HMDB0005065,NA,Oleoylcarnitine,4.2502,4.2338,4.5797,4.985,4.7319,4.9937,3.4283,6.5511,3.3,3.1707,3.3015,4.2248,3.1249,5.5419
Carnitines,HMDB0006469,NA,Linoleylcarnitine,0.8823,0.885,0.971,0.8782,0.9587,0.8635,0.6547,1.0763,0.7916,0.822,1.039,1.0758,0.7839,1.297
Carnitines,HMDB0000848,NA,Stearoylcarnitine,0.4788,0.4425,0.7325,0.4794,0.5521,0.489,0.4968,0.8367,0.5522,0.5472,0.502,0.4581,0.4526,0.5488
Carnitines,HMDB0013133,NA,Methylmalonylcarnitine,162.2259,156.9792,127.2452,170.5749,177.5227,171.8779,132.3578,154.7646,146.9524,135.7101,172.1895,141.6304,144.0267,173.6212
Nucleotides,HMDB0000939,C00021,SAH,32.2158,35.8358,36.7359,29.8665,29.0663,33.0196,41.1063,38.2136,32.3817,24.7338,36.4476,31.9058,29.4786,34.1355
Bile Acids,HMDB0000467,NA,7-KetoLCA,0.1024,0.122,0.0936,0.1976,0.1114,0.1291,0.1385,0.0841,0.1106,0.0805,0.1697,0.1952,0.1258,0.159
Bile Acids,HMDB0000415,C17726,bMCA,2.7156,2.6451,1.7389,3.8607,5.151,1.9862,9.0705,3.3909,8.1093,7.507,3.355,1.6587,2.3659,4.2822
Bile Acids,NA,NA,12-DHCA,0.1305,0.1306,0.124,0.1544,0.1315,0.1394,0.2939,0.1308,0.2011,0.1698,0.1417,0.1327,0.0124,0.1627
Bile Acids,HMDB0000328,NA,12-KetoLCA,0.0848,0.1196,0.007,0.0805,0.085,0.0322,0.1678,0.0622,0.1134,0.1052,0.0512,0.0392,0.0212,0.0033
Indoles,HMDB0029737,C08493,Indole-3-carboxaldehyde,0.2183,0.1831,0.0686,0.1026,0.3149,0.0935,0.242,0.179,0.2198,0.1248,0.3075,0.2149,0.1997,0.1967
Amino Acids,HMDB0032055,C02997,N-Acetylhistidine,1.9202,1.9407,1.4381,2.4207,2.2702,2.428,1.6541,1.7709,2.5294,1.9482,2.251,2.0635,1.8272,2.1911
Fatty Acids,HMDB0002074,NA,"2,2-Dimethylsuccinic acid",0.3639,0.3741,0.4274,0.7569,0.5251,0.4648,0.4141,0.3904,0.5419,0.6952,0.5682,0.4056,0.5295,0.5081
Indoles,HMDB0000671,C02043,Indolelactic acid,0.694,0.6009,0.3643,0.9009,0.5971,0.868,0.8335,0.9037,1.0893,1.1201,0.9924,0.8119,0.6349,1.2068
Amino Acids,HMDB0000001,C01152,1-Methylhistidine,7.7105,7.4437,6.5322,7.4738,8.5671,8.0005,6.4396,8.053,9.1354,7.3054,8.6175,8.3228,7.8999,8.6336
Amino Acids,HMDB0000725,C01157,4-Hydroxyproline,82.2906,56.5198,46.6291,64.099,59.0921,65.782,51.5244,57.1832,70.5455,57.003,65.6264,57.5909,65.3833,67.0411
Peptides,HMDB0006248,C03740,gamma-Glutamylalanine,12.4901,11.8932,11.8829,9.9507,13.3295,15.1978,14.4029,13.0553,13.6745,11.4288,14.0786,14.0857,14.8434,12.0231
Imidazoles,HMDB0002271,C20522,Imidazolepropionic acid,1.5082,1.4727,1.2635,2.0916,1.9974,1.6828,1.3993,1.8094,2.3473,2.3959,2.0125,1.6746,1.5667,2.5032
Imidazoles,HMDB0002024,C02835,Imidazoleacetic acid,0.2194,0.2286,0.1951,0.2701,0.3038,0.285,0.1883,0.2259,0.2823,0.252,0.2639,0.207,0.2277,0.2649
Amino Acids,HMDB0000446,C12989,N-alpha-Acetyl-L-lysine,2.4096,2.4792,2.162,2.9218,3.1789,2.8651,2.7021,2.6324,3.3515,2.8718,2.7507,2.2736,2.493,2.8971
Carbohydrates,HMDB0000625,C00257,Gluconic acid,66.7727,73.9215,58.2766,81.8041,76.3029,71.8248,61.66,58.7359,116.8323,71.4182,74.2276,61.8475,87.1136,69.9075
Carbohydrates,HMDB0000169,C00159,Mannose,137.9789,140.6177,174.6772,145.6202,220.4937,103.2057,158.8736,82.9042,144.8424,231.5996,137.8083,137.678,173.8585,85.3943
Peptides,HMDB0013302,NA,Phenylalanylphenylalanine,0.0844,0.0805,0.1175,0.0981,0.0799,0.0724,0.1554,0.1017,0.2189,0.1333,0.1113,0.085,0.0923,0.0761
Bile Acids,HMDB0000361,C17660,bCDCA,0.383,0.5422,0.3936,0.5133,0.6198,0.4559,0.3122,0.4065,0.4037,0.379,0.4803,0.535,0.3974,0.6053
Peptides,HMDB0029006,NA,Phenylalanyltryptophan,0.0932,0.0807,0.0874,0.1077,0.0795,0.1019,0.104,0.1056,0.1352,0.1351,0.0927,0.1026,0.088,0.1051
Fatty Acids,HMDB0000622,NA,Ethylmalonic acid,0.4801,0.5513,0.5474,0.6994,0.7575,0.6773,0.5086,0.6465,0.7264,0.5315,0.5364,0.6039,0.5775,0.2943
Vitamins,HMDB0000226,C00295,Orotic acid,3.3774,4.4337,10.8679,1.6619,3.2946,2.1568,6.9106,9.7749,3.5654,4.1324,4.0123,3.8617,2.1941,2.284
Phenylpropanoic Acids,HMDB0002199,C01744,Desaminotyrosine,1.2545,0.9447,1.1834,1.3811,2.3199,0.8186,1.815,1.1511,1.3015,2.5786,1.3918,0.8469,0.763,2.5097
Amino Acids,HMDB0000821,C05598,Phenylacetylglycine,0.5161,0.4746,0.2183,0.4366,0.3087,0.1819,0.1786,0.3656,0.9065,1.1709,0.7004,0.9177,0.7356,0.9567
Pyridines,HMDB0000232,C03722,Quinolinic acid,0.3509,0.3346,0.2279,0.3709,0.3752,0.4004,0.4081,0.3557,0.2979,0.3953,0.2412,0.4991,0.303,0.3207
Organic Acids,HMDB0000023,C06001,3-Hydroxyisobutyric acid,13.7645,16.566,8.8319,20.5724,16.0222,18.8529,17.3424,12.911,7.9931,14.8903,15.3336,20.3317,16.8641,13.3504
